prefix	suffix	data-lightbox	data-title
https://drive.google.com/uc?export=view&id=	1LSv2xira2En96rV-GsZCzAIU_JbAF4p8	gig	Concert Photography
https://drive.google.com/uc?export=view&id=	1LQtQ2vdSxkYYBjL4zxcr2Jd0UxQlAhXR	gig	Concert Photography
https://drive.google.com/uc?export=view&id=	1LJNEIl-FyPjOdzmfHCCZMgfzAWOWDtj0	gig	Concert Photography
https://drive.google.com/uc?export=view&id=	1L4xhvY2ZuIriNQTVP5pRMdIvzD3LA0Mr	gig	Concert Photography
https://drive.google.com/uc?export=view&id=	1LMdFkgDfMZfRWMx7XAd1eJFMlZpuoBEb	gig	Concert Photography
https://drive.google.com/uc?export=view&id=	1LEeDnZWZZG9OJybYkFPCd_tYPSDL-WAi	gig	Concert Photography
https://drive.google.com/uc?export=view&id=	1L8U_BYcViwhOdkH617mh3L983Czh2cEQ	gig	Concert Photography
https://drive.google.com/uc?export=view&id=	1LZTwrK9mB-qZyesK0ml3L6qDfbqitfWe	gig	Concert Photography
https://drive.google.com/uc?export=view&id=	1LbfC9otCyVLqVaGl1VvYmuBhvoCKu9U3	street	Street Photography
https://drive.google.com/uc?export=view&id=	1LkgR_0uPCpVa5XtEBqITHAPa9qRdCw-d	street	Street Photography
https://drive.google.com/uc?export=view&id=	1KsfPVc7YMM8hgqpOyWRd6HAPOucAcJj-	street	Street Photography - Bank
https://drive.google.com/uc?export=view&id=	1-dlnYrT9pQpdsc9EV2JGHU4O_0_HJypM	street	Street Photography
https://drive.google.com/uc?export=view&id=	1tnmxky4kPhvxAMe1R_3NcmIy2-KhU0t3	portrait	Portrait
https://drive.google.com/uc?export=view&id=	13Aacb-zXNUAOS6_fFis6Ogl3kCrye0NW	portrait	Portrait
