url,data-lightbox,data-title
https://i.imgur.com/zUt4rdK.jpg,portrait,Portrait
https://i.imgur.com/tXLWcJa.jpg,portrait,Portrait
https://i.imgur.com/vyG3z9f.jpg,portrait,Portrait
https://i.imgur.com/q02lWW4.jpg,portrait,Portrait
https://i.imgur.com/mq3PWot.jpg,portrait,Portrait
https://i.imgur.com/WiMy9It.jpg,portrait,Portrait
https://i.imgur.com/2pkSlpz.jpg,gig,Concert Photography
https://i.imgur.com/y2TMuSl.jpg,gig,Concert Photography
https://i.imgur.com/aJ0rwxb.jpg,gig,Concert Photography
https://i.imgur.com/XrgeUBu.jpg,gig,Concert Photography
https://i.imgur.com/NGlf9PM.jpg,gig,Concert Photography
https://i.imgur.com/4FLUdyJ.jpg,gig,Concert Photography
https://i.imgur.com/BxRoNcY.jpg,gig,Concert Photography
https://i.imgur.com/jhS8cO4.jpg,gig,Concert Photography
https://i.imgur.com/OhPHWtH.jpg,street,Street Photography
https://i.imgur.com/y7r3LMe.jpg,street,Street Photography
https://i.imgur.com/L6B0yIl.jpg,street,Street Photography
https://i.imgur.com/jR8eI8g.jpg,street,Street Photography
https://i.imgur.com/aWodkld.jpg,street,Street Photography
https://i.imgur.com/Y3jqwkm.jpg,street,Street Photography - Bank
https://i.imgur.com/kSghHVI.jpg,street,Street Photography
https://i.imgur.com/tSE9qSr.jpg,street,Street Photography
https://i.imgur.com/4O3w6IC.jpg,street,Street Photography
https://i.imgur.com/5T6iBxn.jpg,street,Street Photography
https://i.imgur.com/RG0S65x.jpg,protest,Trafalgar Square - Iranian Protest
https://i.imgur.com/ZCJhrkj.jpg,protest,Trafalgar Square - Iranian Protest
https://i.imgur.com/Ah8W7Du.jpg,protest,Trafalgar Square - Iranian Protest
https://i.imgur.com/CR8niCU.jpg,protest,Trafalgar Square - Iranian Protest
https://i.imgur.com/FxIiInx.jpg,protest,Trafalgar Square - Chinese Protest
https://i.imgur.com/mLwjSws.jpg,protest,Trafalgar Square - Chinese Protest
https://i.imgur.com/DQxx4o1.jpg,protest,Trafalgar Square - Chinese Protest
https://i.imgur.com/D2rDuVO.jpg,protest,Trafalgar Square - Chinese Protest
https://i.imgur.com/IAWJ222.jpg,protest,Trafalgar Square - Chinese Protest
